{"Train Accuracy": 0.7907071113586426, "Train Loss": 0.5550599694252014, "_timestamp": 1685368828.480477, "_runtime": 5244.462224006653, "_step": 199, "Val Accuracy": 0.7663461565971375, "Val Loss": 0.6622215509414673, "_wandb": {"runtime": 5243}}