{"Train Accuracy": 0.5832784175872803, "Train Loss": 1.042900800704956, "_timestamp": 1685362690.2862215, "_runtime": 632.1822135448456, "_step": 23, "Val Accuracy": 0.6840144395828247, "Val Loss": 0.8826074600219727}