{"Train Accuracy": 0.4324118196964264, "Train Loss": 1.298432469367981, "Epoch": 2, "_timestamp": 1685519173.1859999, "_runtime": 758.2851507663727, "_step": 3, "Val Accuracy": 0.39080893993377686, "Val Loss": 1.35581374168396}